{"cameraMode":{"drawMode":0,"name":"Shaded","section":"Shading Mode"},"sceneLighting":true,"audioPlay":false,"sceneViewState":{"m_AlwaysRefresh":false,"showFog":true,"showSkybox":true,"showFlares":true,"showImageEffects":true,"showParticleSystems":true,"showVisualEffectGraphs":true,"m_FxEnabled":true},"in2DMode":false,"pivot":{"x":1.69547438621521,"y":0.42178916931152346,"z":-0.3238525390625},"rotation":{"x":-0.48056861758232119,"y":-0.007365473546087742,"z":0.004046160727739334,"w":-0.8769451975822449},"size":13.836557388305664,"orthographic":false}