{"cameraMode":{"drawMode":0,"name":"Shaded","section":"Shading Mode"},"sceneLighting":true,"audioPlay":false,"sceneViewState":{"m_AlwaysRefresh":false,"showFog":true,"showSkybox":true,"showFlares":true,"showImageEffects":true,"showParticleSystems":true,"showVisualEffectGraphs":true,"m_FxEnabled":true},"in2DMode":false,"pivot":{"x":-1.4033567905426026,"y":-1.7140483856201172,"z":0.2884178161621094},"rotation":{"x":0.37668120861053469,"y":-0.0680023580789566,"z":0.027730906382203103,"w":0.9234334230422974},"size":12.068610191345215,"orthographic":false}